Units,Regularization Parameter,Epochs,Batch Size,Training Accuracy (%),Test Accuracy (%),Training RMSE,Test RMSE,MSE
"(8, 8)",0.5,55,64,-30.187297939010715,-23.233803082719742,1.680479968342281,1.6206425989186135,1.6206425989186135
"(16, 8)",0.5,55,64,-28.46703829288016,-22.02236094777444,1.5877864018357086,1.5396270553278826,1.5396270553278826
"(32, 16)",0.5,55,64,-26.788397137108735,-21.038209002509998,1.4973353841866208,1.4738116089920377,1.4738116089920377
"(64, 32)",0.5,55,64,-24.350269838930057,-19.43788231009801,1.3659606144688272,1.366789298005333,1.366789298005333
